ticker,begin,pred_return_1d,pred_return_20d,pred_prob_up_1d,pred_prob_up_20d
AFLT,2025-04-16,-0.0010775862068965524,-0.0035919540229885083,0.49102108031528896,0.49551017815453585
AFLT,2025-04-17,4.2170368287886005e-05,0.00014056789429295335,0.5003514196778672,0.5001757098606331
AFLT,2025-04-18,-0.005126050420168049,-0.017086834733893497,0.45738654126747946,0.4786544384377902
AFLT,2025-04-21,0.01642160430921533,0.05473868103071777,0.6335290987852912,0.5679994048837345
AFLT,2025-04-22,0.017909156452775753,0.05969718817591918,0.6449632153258636,0.5740723508244523
AFLT,2025-04-23,0.014621485219899122,0.048738284066330406,0.6194897029758598,0.5606231402689212
AFLT,2025-04-24,0.00430077301475753,0.014335910049191769,0.5357785199250291,0.5179122188659188
AFLT,2025-04-25,0.018637788543744625,0.06212596181248209,0.6505049748158629,0.5770389829312604
AFLT,2025-04-26,0.007701863354037285,0.025672877846790954,0.5638319837482347,0.5320471049306537
AFLT,2025-04-27,0.0056334195128589165,0.018778065042863057,0.5468077006108497,0.5234553531546369
AFLT,2025-04-28,0.003176130895091389,0.010587102983637964,0.5264430627640198,0.5132307892984819
AFLT,2025-04-29,-0.005736455590965761,-0.019121518636552537,0.45234132797965,0.47611629197342054
AFLT,2025-04-30,-0.013764421786960034,-0.04588140595653345,0.3872671995754261,0.44289844956668334
AFLT,2025-05-02,-0.02862333467904724,-0.09541111559682414,0.27805878736291706,0.38294764824803385
AFLT,2025-05-03,-0.02929077066915989,-0.09763590223053298,0.27361483030381334,0.3803225219800171
AFLT,2025-05-04,-0.021346938775510214,-0.07115646258503405,0.3292532072946178,0.4119809311022084
AFLT,2025-05-05,-0.01165418844469559,-0.03884729481565197,0.40408496133173705,0.4515929767751141
AFLT,2025-05-06,-0.00953318335208102,-0.03177727784027007,0.42121863451058705,0.46036175620958447
AFLT,2025-05-07,0.011648318952692626,0.038827729842308756,0.5958679252687414,0.5483827961206316
AFLT,2025-05-08,0.010612788632326819,0.035375962107756065,0.5875289793644805,0.5441050216908392
AFLT,2025-05-10,0.00790977003076021,0.026365900102534034,0.5655355416214373,0.5329097273677962
AFLT,2025-05-11,0.01322751322751321,0.04409171075837737,0.6084775374155194,0.5548924946962233
AFLT,2025-05-12,0.014115596863200673,0.04705198954400225,0.6155068012854679,0.5585452093616663
AFLT,2025-05-13,0.006272375769726523,0.020907919232421746,0.5520802161424017,0.5261111236936301
AFLT,2025-05-14,-0.005961401000714783,-0.019871336669049278,0.45048448613124,0.4751812428535193
AFLT,2025-05-15,0.0002568859711717053,0.000856286570572351,0.5021407033462733,0.5010703565781868
AFLT,2025-05-16,-0.007939189189189233,-0.02646396396396411,0.43422352598008185,0.466968225817644
AFLT,2025-05-17,-0.006615811373092883,-0.02205270457697628,0.4450905887519825,0.47246201429804124
AFLT,2025-05-18,-0.00021040819189233062,-0.0007013606396411021,0.4982466055884459,0.4991233000988956
AFLT,2025-05-19,0.00542590431738621,0.0180863477246207,0.5450930142317414,0.5225925401272992
AFLT,2025-05-20,-0.005603878511336113,-0.018679595037787045,0.4534363281905397,0.47666746489942524
AFLT,2025-05-21,-0.004988432620011518,-0.016628108733371727,0.45852524682807944,0.47922682865754423
AFLT,2025-05-22,-0.013870372996738068,-0.04623457665579356,0.3864294905719893,0.4424627879539349
AFLT,2025-05-23,-0.01747613700168441,-0.0582537900056147,0.35834883220426395,0.4276932355126272
AFLT,2025-05-26,-0.02359598853868191,-0.0786532951289397,0.3129135963711531,0.40293121111939545
AFLT,2025-05-27,-0.015562336530078436,-0.05187445510026145,0.37314584648166166,0.4355180230387802
AFLT,2025-05-28,-0.0019850022055580173,-0.006616674018526725,0.4834643473224997,0.4917299117705082
AFLT,2025-05-29,-0.0044163568773234125,-0.014721189591078043,0.46326334645461986,0.4816068165317064
AFLT,2025-05-30,0.006439111641079132,0.021463705470263772,0.5534542056304872,0.5268039111260729
AFLT,2025-05-31,0.019312704089566136,0.06437568029855378,0.6556021966197164,0.5797819646517434
AFLT,2025-06-01,0.00597701149425287,0.01992337164750957,0.5496443222068316,0.524883640190114
ALRS,2025-04-16,0.0027534162757495207,0.009178054252498402,0.5229290423371954,0.5114705548832325
ALRS,2025-04-17,0.013729016786570746,0.045763389288569156,0.6124527198900209,0.5569559487146869
ALRS,2025-04-18,0.001555644196250472,0.00518548065416824,0.5129607975522142,0.5064814877341067
ALRS,2025-04-21,0.016226259289843115,0.054087530966143715,0.6320160135687476,0.5672003454317934
ALRS,2025-04-22,0.01899121911374313,0.0633040637124771,0.6531785973702762,0.5784759938345231
ALRS,2025-04-23,0.008245755860953951,0.027485852869846505,0.5682852756517567,0.534303343035336
ALRS,2025-04-24,-0.01089241352952417,-0.0363080450984139,0.41021408068809306,0.45473917992036683
ALRS,2025-04-25,0.006547619047619024,0.021825396825396748,0.5543479254573688,0.5272547040603802
ALRS,2025-04-26,0.004112808460634531,0.013709361535448439,0.5342198247904785,0.5171299951023657
ALRS,2025-04-27,-0.0016132129825235264,-0.005377376608411755,0.48655979698388807,0.49327868414038556
ALRS,2025-04-28,0.0032454760031471073,0.010818253343823692,0.5270192869016999,0.5135195204827112
ALRS,2025-04-29,-0.007376561570493767,-0.024588538568312557,0.43883650366502547,0.46930298226351874
ALRS,2025-04-30,-0.008155339805825246,-0.027184466019417486,0.4324542898154082,0.46607163660183465
ALRS,2025-05-02,-0.020923493044822248,-0.06974497681607417,0.33237788937621754,0.41369166748510866
ALRS,2025-05-03,-0.020679667889553974,-0.06893222629851326,0.3341838561763249,0.41467767869022754
ALRS,2025-05-04,-0.01768826619964976,-0.05896088733216587,0.35672460195893685,0.4268280703983912
ALRS,2025-05-05,-0.010367960967676337,-0.03455986989225446,0.4144501304479609,0.45690733683795043
ALRS,2025-05-06,-0.014011976047904195,-0.04670658682634732,0.3853109479350547,0.441880667578463
ALRS,2025-05-07,-0.0004984423676012484,-0.001661474558670828,0.4958464091527002,0.49792316874558085
ALRS,2025-05-08,0.0019908751555371526,0.006636250518457176,0.5165845402413213,0.5082945521399711
ALRS,2025-05-10,0.0026054590570719683,0.008684863523573227,0.5216985217628215,0.5108543738095832
ALRS,2025-05-11,0.011813013265950722,0.03937671088650241,0.5971892241892023,0.5490625061945967
ALRS,2025-05-12,0.013002512562814105,0.043341708542713686,0.6066893409923452,0.5539661017974218
ALRS,2025-05-13,0.009423757021010991,0.031412523403369974,0.5778918632743906,0.5391851336073321
ALRS,2025-05-14,0.0006180469715698189,0.0020601565718993964,0.5051502092747829,0.5025751729447787
ALRS,2025-05-15,-0.0031980319803198262,-0.010660106601066088,0.473374942181056,0.4866780205189443
ALRS,2025-05-16,-0.006746353322528364,-0.02248784440842788,0.4440161172501064,0.47191977213185254
ALRS,2025-05-17,-0.007043949428055384,-0.023479831426851283,0.44156861980775164,0.47068387392844113
ALRS,2025-05-18,-0.003691004437273082,-0.012303348124243607,0.4692803707768691,0.48462566297623644
ALRS,2025-05-19,-0.003453947368421051,-0.011513157894736836,0.4712488569546063,0.48561252553735235
ALRS,2025-05-20,-0.004973062577704091,-0.016576875259013635,0.4586524519189196,0.47929076029781376
ALRS,2025-05-21,-0.005658031088082871,-0.018860103626942903,0.4529890081800591,0.47644232527026475
ALRS,2025-05-22,-0.012392108508014787,-0.04130702836004929,0.39817615373966125,0.44854897916160436
ALRS,2025-05-23,-0.01831733714519096,-0.061057790483969865,0.3519273812860976,0.42426506667591835
ALRS,2025-05-26,-0.022462562396006667,-0.0748752079866889,0.32109327715302977,0.407484040761061
ALRS,2025-05-27,-0.018078381795195952,-0.060261272650653175,0.35374617085817045,0.42523816293197064
ALRS,2025-05-28,-0.008301647655259847,-0.027672158850866158,0.4312577048919216,0.465464878060808
ALRS,2025-05-29,-0.004887459807073957,-0.016291532690246524,0.4593610131848017,0.4796468370910072
ALRS,2025-05-30,0.0003262287951283138,0.0010874293170943794,0.5027185465037213,0.5013592832977114
ALRS,2025-05-31,0.011330935251798556,0.03776978417266186,0.5933177305749463,0.5470724144191006
ALRS,2025-06-01,0.003497757847533589,0.011659192825111964,0.5291150078632241,0.514569865055702
CHMF,2025-04-16,-0.004874362365388185,-0.01624787455129395,0.4594694394281225,0.47970131957935114
CHMF,2025-04-17,-0.005218356772760912,-0.01739452257586971,0.4566230097010932,0.4782705422814149
CHMF,2025-04-18,-0.017725013804527866,-0.059083379348426224,0.3564435662401772,0.4266782412890037
CHMF,2025-04-21,0.0016231884057970713,0.005410628019323571,0.513523271106355,0.506762872565877
CHMF,2025-04-22,0.014683301343570031,0.04894433781190011,0.619975297688976,0.5608769051710473
CHMF,2025-04-23,0.00604954868446319,0.02016516228154397,0.550242767593604,0.5251851207980274
CHMF,2025-04-24,0.002655367231638439,0.008851224105461464,0.5221136248688844,0.5110622246474547
CHMF,2025-04-25,0.024647887323943716,0.08215962441314573,0.6945750733363828,0.6012792380984485
CHMF,2025-04-26,0.018681529886603942,0.06227176628867981,0.6508363859600818,0.5772169017747493
CHMF,2025-04-27,0.0038426349496797573,0.012808783165599191,0.5319782489556562,0.5160055086172138
CHMF,2025-04-28,0.005308734939759052,0.017695783132530174,0.5441243750506984,0.5221053098112964
CHMF,2025-04-29,-0.010584282247526644,-0.03528094082508881,0.4127013130918996,0.45601283317773056
CHMF,2025-04-30,-0.014208242950108484,-0.04736080983369495,0.3837626114282891,0.44107409223875044
CHMF,2025-05-02,-0.02426271033110188,-0.08087570110367293,0.3081554323418378,0.40026081293589116
CHMF,2025-05-03,-0.024390243902439022,-0.08130081300813008,0.3072498521169497,0.39975067626229327
CHMF,2025-05-04,-0.015593784683684796,-0.051979282278949324,0.37290067992377407,0.43538917274108435
CHMF,2025-05-05,-0.011842105263157899,-0.03947368421052633,0.40257752435560634,0.4508174471452394
CHMF,2025-05-06,-0.013149905123339656,-0.04383301707779885,0.3921389279790444,0.44542699758360377
CHMF,2025-05-07,-0.0008858267716535417,-0.0029527559055118058,0.49261864653096304,0.4963091221593366
CHMF,2025-05-08,-0.0005899705014749124,-0.001966568338249708,0.4950837375959305,0.49754180938295667
CHMF,2025-05-10,-0.0011707317073170742,-0.0039024390243902474,0.4902451403830458,0.49512210598018846
CHMF,2025-05-11,0.012207896857373135,0.04069298952457712,0.6003514973632962,0.5506914803513442
CHMF,2025-05-12,0.011847588807303055,0.039491962691010185,0.5974664362267135,0.5492051797824131
CHMF,2025-05-13,0.009950641658440217,0.03316880552813406,0.5821700499187981,0.5413662380938217
CHMF,2025-05-14,0.0041379310344827665,0.01379310344827589,0.5344281929745098,0.517234548877195
CHMF,2025-05-15,0.0029970617042115897,0.0099902056807053,0.5249547627335823,0.512485161226231
CHMF,2025-05-16,-0.0017421602787456303,-0.005807200929152101,0.4854860762937611,0.4927415087945774
CHMF,2025-05-17,-0.0024627720504008855,-0.008209240168002951,0.47948841752683685,0.4897398902609218
CHMF,2025-05-18,-0.0005159564303458652,-0.0017198547678195508,0.4957004690597986,0.4978501947879378
CHMF,2025-05-19,-0.0010495626822157322,-0.0034985422740524408,0.49125453631924954,0.4956269336682172
CHMF,2025-05-20,-0.0066912335143522236,-0.022304111714507413,0.4444697369757976,0.4721487195237342
CHMF,2025-05-21,-0.007184579439252347,-0.02394859813084116,0.4404130264444086,0.4700999703101596
CHMF,2025-05-22,-0.012415784408084685,-0.04138594802694895,0.39798705224480607,0.44845137614451863
CHMF,2025-05-23,-0.01797473200612556,-0.05991577335375187,0.3545364146989693,0.4256604359331163
CHMF,2025-05-26,-0.022761849034523118,-0.07587283011507706,0.3189224294486184,0.4062802653647496
CHMF,2025-05-27,-0.016782384447530274,-0.05594128149176758,0.3636833338990363,0.4305257556528732
CHMF,2025-05-28,-0.004129263913824066,-0.01376421304608022,0.4656436913073988,0.48280152130875204
CHMF,2025-05-29,-0.0030722891566265175,-0.010240963855421725,0.4744199428576855,0.487201591439896
CHMF,2025-05-30,0.006902871105681108,0.02300957035227036,0.5572714666990789,0.5287302804099355
CHMF,2025-05-31,0.018172224567328008,0.06057408189109337,0.6469686141816233,0.5751440618728175
CHMF,2025-06-01,0.007312460600966575,0.024374868669888583,0.560637246348398,0.5304309283754173
GAZP,2025-04-16,-0.002054021518320659,-0.0068467383944021964,0.4828898375520711,0.4914424127429482
GAZP,2025-04-17,0.0018758275709871652,0.0062527585699572175,0.5156268054145318,0.5078153116495677
GAZP,2025-04-18,-0.0026038984920926265,-0.008679661640308756,0.478314458468177,0.4891521254819693
GAZP,2025-04-21,0.016993563044301396,0.05664521014767132,0.6379441137010341,0.5703369551635922
GAZP,2025-04-22,0.03054711246200612,0.10182370820668707,0.7346290622071063,0.6245998171885936
GAZP,2025-04-23,0.025863636363636356,0.08621212121212118,0.7031036457470423,0.6061269029062479
GAZP,2025-04-24,0.016448570801959207,0.05482856933986402,0.6337377673945308,0.5681096837166643
GAZP,2025-04-25,0.03441418713363502,0.11471395711211674,0.7589880601658123,0.6395864758367983
GAZP,2025-04-26,0.028445495592345726,0.09481831864115242,0.7207496553948571,0.6163517232987848
GAZP,2025-04-27,0.01804137931034482,0.06013793103448273,0.6459718072595567,0.5746111000890649
GAZP,2025-04-28,0.020693262658669286,0.06897754219556429,0.6659169663856893,0.5853773156420268
GAZP,2025-04-29,0.010312564973317673,0.034375216577725576,0.5851016799624422,0.5428635519051006
GAZP,2025-04-30,-0.0006789589296412379,-0.00226319643213746,0.4943422504119452,0.49717103464752394
GAZP,2025-05-02,-0.02723880597014927,-0.09079601990049757,0.2874174249115451,0.3884148795074077
GAZP,2025-05-03,-0.02759562841530052,-0.09198542805100174,0.28498758657988554,0.38700310835970136
GAZP,2025-05-04,-0.02382070855353302,-0.07940236184511007,0.3113053741228437,0.40203049607955577
GAZP,2025-05-05,-0.028462311557788944,-0.09487437185929648,0.27913754048403194,0.38358200650484975
GAZP,2025-05-06,-0.024377877109880552,-0.08125959036626851,0.3073376004012681,0.3998001341636907
GAZP,2025-05-07,0.0021815825473396667,0.007271941824465555,0.5181718473671324,0.5090889259844185
GAZP,2025-05-08,0.007135692792663684,0.02378564264221228,0.5591853318330547,0.5296970588161616
GAZP,2025-05-10,0.005889440113394806,0.019631467044649353,0.5489216506479223,0.5245196500118229
GAZP,2025-05-11,0.02396180324228292,0.0798726774742764,0.6897020600427413,0.5985346974827166
GAZP,2025-05-12,0.01964998910754483,0.0654999636918161,0.6581362333571754,0.5811509200996972
GAZP,2025-05-13,0.012308791994281587,0.04102930664760529,0.6011581486093425,0.5511075201465803
GAZP,2025-05-14,-0.002435269419174235,-0.008117564730580784,0.47971722470537814,0.48985443684110785
GAZP,2025-05-15,-0.009237506081879497,-0.03079168693959833,0.4236232886851284,0.46158623878761224
GAZP,2025-05-16,-0.013942966822045532,-0.04647655607348511,0.3858559110731041,0.4421643398959619
GAZP,2025-05-17,-0.010018401144960097,-0.03339467048320033,0.41728064008987337,0.4583533763023837
GAZP,2025-05-18,-0.004902499313375453,-0.016341664377918175,0.45923651444312663,0.47958427663647846
GAZP,2025-05-19,-0.004275433893043623,-0.01425144631014541,0.46443156453639833,0.48219322610404447
GAZP,2025-05-20,-0.005034423407917398,-0.016781411359724663,0.4581446515787227,0.4790355341992424
GAZP,2025-05-21,-0.005607476635514019,-0.01869158878504673,0.45340660403392097,0.47665250538369813
GAZP,2025-05-22,-0.023182683494324195,-0.07727561164774732,0.3158832047096581,0.4045895126593364
GAZP,2025-05-23,-0.02540136814184002,-0.08467122713946673,0.30012298808901233,0.3957139359138544
GAZP,2025-05-26,-0.03048955052963068,-0.10163183509876894,0.2657451612447473,0.37562515681191927
GAZP,2025-05-27,-0.021203501094091904,-0.07067833698030634,0.33030998705877335,0.4125601886725803
GAZP,2025-05-28,-0.010000000000000031,-0.03333333333333344,0.41742979353768506,0.45842951678320004
GAZP,2025-05-29,-0.0033239092228929956,-0.011079697409643319,0.4723290579891992,0.48615391918319284
GAZP,2025-05-30,0.002585220773278407,0.00861740257759469,0.5215301845637048,0.5107700870596925
GAZP,2025-05-31,0.015846080305927334,0.05282026768642445,0.6290638174141836,0.5656442230226948
GAZP,2025-06-01,0.0017659524370143619,0.005886508123381207,0.5147120223374352,0.5073576040198653
GMKN,2025-04-16,-0.010401366353543962,-0.03467122117847987,0.4141799275559484,0.4567691849325255
GMKN,2025-04-17,-0.007146477445514443,-0.023821591485048144,0.4407260571994114,0.47025816388860275
GMKN,2025-04-18,-0.017560728744939257,-0.05853576248313086,0.35770073822784426,0.4273481762877929
GMKN,2025-04-21,-0.0015196506550218202,-0.005065502183406068,0.48733895170732255,0.4936684607315902
GMKN,2025-04-22,0.012032085561497307,0.04010695187165769,0.5989445963332083,0.5499663555856712
GMKN,2025-04-23,0.0037154989384288626,0.012384996461429543,0.5309229744426993,0.515476300307678
GMKN,2025-04-24,-0.004465212876427827,-0.014884042921426088,0.4628584352815713,0.481403528398539
GMKN,2025-04-25,0.016341157498656122,0.05447052499552041,0.6329062983419286,0.567670379550064
GMKN,2025-04-26,0.0118504213483146,0.039501404494382,0.5974891435825802,0.5492168677093777
GMKN,2025-04-27,0.007146529562981984,0.02382176520993995,0.5592743710091231,0.5297420524991413
GMKN,2025-04-28,0.007497378538972387,0.024991261796574626,0.5621549930721087,0.5311984931607827
GMKN,2025-04-29,-0.0005797610681658516,-0.001932536893886172,0.4951688081230714,0.4975843476778921
GMKN,2025-04-30,-0.008462192013593906,-0.028207306711979685,0.42994560948382204,0.4647991964316467
GMKN,2025-05-02,-0.02386421212633003,-0.07954737375443344,0.31099456190150376,0.40185620271995476
GMKN,2025-05-03,-0.025661198526950122,-0.08553732842316708,0.29830690468601645,0.39467887515479566
GMKN,2025-05-04,-0.02020460358056263,-0.06734867860187543,0.33771653127891377,0.41660076208970664
GMKN,2025-05-05,-0.01679281816581586,-0.05597606055271953,0.36360285278934956,0.43048312167722197
GMKN,2025-05-06,-0.017520545549921305,-0.05840181849973769,0.3580085343824364,0.4275120792615738
GMKN,2025-05-07,-0.0003853211009174462,-0.0012844036697248207,0.4967890349681154,0.49839450093071563
GMKN,2025-05-08,0.006425041186161406,0.021416803953871355,0.5533382890769698,0.5267454523452854
GMKN,2025-05-10,0.006581352833637988,0.021937842778793293,0.5546257020233444,0.5273948417161548
GMKN,2025-05-11,0.01571881409658773,0.052396046988625766,0.6280733893114405,0.565123014956621
GMKN,2025-05-12,0.01888579387186633,0.06295264623955443,0.6523820812267134,0.5780474840069683
GMKN,2025-05-13,0.011354032702553774,0.037846775675179245,0.5935034914026281,0.5471677990740629
GMKN,2025-05-14,-0.002688172043010761,-0.008960573476702538,0.4776135430595714,0.4888011563751526
GMKN,2025-05-15,-0.0034347048300536697,-0.0114490161001789,0.4714086841687961,0.48569263676294
GMKN,2025-05-16,-0.006059532246633592,-0.020198440822111974,0.4496748774947935,0.4747733867415166
GMKN,2025-05-17,-0.0057127882599580905,-0.019042627533193635,0.4525367711839705,0.47621468176842385
GMKN,2025-05-18,-0.0007434944237918129,-0.0024783147459727095,0.4938045302388867,0.49690214620733736
GMKN,2025-05-19,-0.0018444846292947513,-0.0061482820976491714,0.4846341348742408,0.4923152525642448
GMKN,2025-05-20,-0.007328990228013033,-0.02442996742671011,0.43922703721008827,0.4695004538728989
GMKN,2025-05-21,-0.013670886075949339,-0.04556962025316447,0.38800729950743973,0.44328313283927695
GMKN,2025-05-22,-0.019447907390917174,-0.06482635796972391,0.3433809422861303,0.4196691303552356
GMKN,2025-05-23,-0.024010647737355804,-0.08003549245785269,0.3099496021831094,0.4012697034124074
GMKN,2025-05-26,-0.026965065502183406,-0.08988355167394468,0.28928985781409966,0.3894992081295666
GMKN,2025-05-27,-0.018030050083472415,-0.06010016694490805,0.35411456103961125,0.4254350545442588
GMKN,2025-05-28,0.004660856384994338,0.015536187949981128,0.5387625326056954,0.5194104751538725
GMKN,2025-05-29,-0.0005141877737573463,-0.0017139592458578212,0.49571520677859016,0.497857564054621
GMKN,2025-05-30,0.007928240740740722,0.026427469135802406,0.5656868137632067,0.5329863544707044
GMKN,2025-05-31,0.021111555377848857,0.07037185125949619,0.6690116980404607,0.5870683709988032
GMKN,2025-06-01,0.005624629958555327,0.018748766528517757,0.5467350952487737,0.5234188104796231
LKOH,2025-04-16,0.00032267977873388085,0.0010755992624462696,0.5026889722319239,0.5013444958375057
LKOH,2025-04-17,0.006244302643573407,0.02081434214524469,0.5518488003003676,0.5259944699116025
LKOH,2025-04-18,0.003085949405668975,0.010286498018896584,0.5256935932786718,0.512855288806151
LKOH,2025-04-21,0.011978683966635794,0.03992894655545265,0.5985169346124505,0.5497460612311799
LKOH,2025-04-22,0.013826167646149079,0.0460872254871636,0.6132210788310775,0.5573554544415237
LKOH,2025-04-23,0.010498848810437432,0.03499616270145811,0.586608273537399,0.5436339271474262
LKOH,2025-04-24,-0.001585057300193482,-0.005283524333978273,0.4867942610764131,0.49339597865183576
LKOH,2025-04-25,0.010272267893506326,0.03424089297835442,0.5847755618465253,0.5426968765669682
LKOH,2025-04-26,0.007642034905310079,0.025473449684366933,0.5633414768083738,0.5317988358951393
LKOH,2025-04-27,0.006652868125369604,0.022176227084565348,0.5552144725300073,0.5276919178528066
LKOH,2025-04-28,0.003737208957437321,0.012457363191457738,0.531103195234299,0.5155666715482602
LKOH,2025-04-29,0.0018627964389915652,0.006209321463305217,0.5155183179853451,0.5077610284398233
LKOH,2025-04-30,-0.007547582585867429,-0.025158608619558098,0.43743314782052933,0.4685931431937283
LKOH,2025-05-02,-0.017381228273464656,-0.05793742757821552,0.35907658550485294,0.42808046261743377
LKOH,2025-05-03,-0.016878796644489436,-0.05626265548163145,0.36293994369833044,0.4301318380577034
LKOH,2025-05-04,-0.012435916215028575,-0.04145305405009525,0.39782628168207723,0.44836838664272427
LKOH,2025-05-05,-0.017375464684014883,-0.05791821561338295,0.3591208012312763,0.42810398087419205
LKOH,2025-05-06,-0.013936265709156181,-0.046454219030520605,0.38590884476494647,0.4421918877946055
LKOH,2025-05-07,-0.002098708487084855,-0.006995694956949516,0.48251789177589527,0.4912562727768979
LKOH,2025-05-08,0.00045977011494255924,0.0015325670498085309,0.5038313426338893,0.5019156994382665
LKOH,2025-05-10,0.0016274449877750285,0.005424816625916762,0.5135587166068046,0.5067806050709213
LKOH,2025-05-11,0.01486859758503667,0.04956199195012223,0.6214294452594367,0.5616373841423266
LKOH,2025-05-12,0.018898564368086634,0.06299521456028878,0.6524786112743088,0.5780993970399019
LKOH,2025-05-13,0.014608655260509428,0.04869551753503143,0.619388887612474,0.5605704672925116
LKOH,2025-05-14,0.0075516449885233644,0.02517214996174455,0.5626001751616909,0.5314237166628797
LKOH,2025-05-15,0.0014818755224561108,0.004939585074853703,0.5123464523952656,0.5061741674996655
LKOH,2025-05-16,-0.0020076697496052343,-0.006692232498684114,0.4832756600864552,0.4916354898053134
LKOH,2025-05-17,-0.004671586715867149,-0.015571955719557162,0.4611485866264742,0.48054488266973977
LKOH,2025-05-18,-0.0018381810128451303,-0.006127270042817101,0.48468661556904846,0.4923415114495905
LKOH,2025-05-19,-0.0028211060526904916,-0.00940368684230164,0.4765080917901738,0.48824755649372853
LKOH,2025-05-20,-0.001270417422867498,-0.00423472474289166,0.4894147699605316,0.49470679182519794
LKOH,2025-05-21,-2.271006813020504e-05,-7.570022710068347e-05,0.49981074944128584,0.49990537471725394
LKOH,2025-05-22,-0.006364794962141073,-0.021215983207136913,0.4471581024975157,0.4735048620346457
LKOH,2025-05-23,-0.008088836069226779,-0.026962786897422597,0.4329984549388052,0.4663474699373929
LKOH,2025-05-26,-0.008882694191215245,-0.029608980637384152,0.4265136396247702,0.4630562251972528
LKOH,2025-05-27,-0.004465370595382756,-0.014884568651275853,0.46285712820962344,0.4814028721453213
LKOH,2025-05-28,0.0037020213490801756,0.012340071163600586,0.5308110892350048,0.5154201972922011
LKOH,2025-05-29,0.0070082720588235505,0.023360906862745168,0.5581381087909493,0.5291679788280942
LKOH,2025-05-30,0.009114503816793906,0.03038167938931302,0.5753752976378136,0.5379042368987708
LKOH,2025-05-31,0.016048136645962763,0.053493788819875876,0.630634057772014,0.5664714292271896
LKOH,2025-06-01,0.010730804810360772,0.03576934936786924,0.5884819794756763,0.5445928870968865
MAGN,2025-04-16,-0.0003658536585365857,-0.0012195121951219523,0.49695125729643996,0.49847561447918093
MAGN,2025-04-17,0.0037764124082121375,0.012588041360707125,0.5314286131924238,0.5157298592637192
MAGN,2025-04-18,-0.009046126287505596,-0.03015375429168532,0.42518166113282607,0.46237904434393456
MAGN,2025-04-21,0.010275883446993194,0.03425294482331065,0.5848048250063489,0.5427118314807128
MAGN,2025-04-22,0.025398773006134957,0.08466257668711652,0.6998588413925886,0.6042757213676271
MAGN,2025-04-23,0.016666666666666673,0.05555555555555558,0.6354235592583608,0.5690013325681906
MAGN,2025-04-24,0.004795027379014427,0.015983424596714757,0.5398737098540279,0.519968653982695
MAGN,2025-04-25,0.023133754040326315,0.07711251346775438,0.6837642326898402,0.595214022885405
MAGN,2025-04-26,0.01470103401768319,0.04900344672561063,0.6201145519142012,0.560949694715581
MAGN,2025-04-27,-0.0014847285067872916,-0.004949095022624306,0.487629787259702,0.4938139468817253
MAGN,2025-04-28,0.001127819548872222,0.00375939849624074,0.5093973894830909,0.5046991097609483
MAGN,2025-04-29,-0.002927895120174806,-0.009759650400582687,0.47562022253315567,0.4878028572934402
MAGN,2025-04-30,-0.01864818519577025,-0.06216061731923417,0.3494162406051771,0.42291872665295577
MAGN,2025-05-02,-0.03107142857142856,-0.10357142857142854,0.26197777145988077,0.373353441722881
MAGN,2025-05-03,-0.03009805314764815,-0.10032684382549384,0.26829929291350757,0.3771566981643638
MAGN,2025-05-04,-0.026793431287813328,-0.08931143762604443,0.2904675478635992,0.39017963652727894
MAGN,2025-05-05,-0.02378640776699029,-0.07928802588996764,0.3115505568075812,0.40216793672136875
MAGN,2025-05-06,-0.010513484686880991,-0.03504494895626997,0.41327342528007016,0.4563055551040239
MAGN,2025-05-07,-0.003346613545816757,-0.011155378486055856,0.4721404387328191,0.4860593908796717
MAGN,2025-05-08,-0.0028431527404833346,-0.009477175801611115,0.47632477812820656,0.48815574644354376
MAGN,2025-05-10,-0.00023726668775703175,-0.0007908889591901058,0.49802278790832016,0.49901139008930534
MAGN,2025-05-11,0.00853171433136286,0.028439047771209536,0.5706222777514924,0.5354890323562919
MAGN,2025-05-12,0.006963524396020859,0.023211747986736198,0.557770221395836,0.5289821606997578
MAGN,2025-05-13,0.009234488315874345,0.03078162771958115,0.576352149870891,0.5384012613810014
MAGN,2025-05-14,0.005357997129644376,0.01785999043214792,0.5445316666465122,0.5223101640112063
MAGN,2025-05-15,-0.001044799746715197,-0.00348266582238399,0.4912942153606224,0.49564677772159793
MAGN,2025-05-16,-0.008808451141836303,-0.029361503806121014,0.42711907714422986,0.46336389642736603
MAGN,2025-05-17,-0.006666666666666643,-0.022222222222222143,0.4446719447376312,0.47225076494548685
MAGN,2025-05-18,-0.0011726078799249473,-0.003908692933083158,0.4902295115719028,0.49511428933953816
MAGN,2025-05-19,-0.005686981043396533,-0.018956603477988443,0.45274990209706883,0.47632196959655826
MAGN,2025-05-20,-0.0059094519459888745,-0.01969817315329625,0.4509131859723925,0.47539716855637915
MAGN,2025-05-21,-0.0061459667093469615,-0.020486555697823206,0.44896199101210926,0.4744141730187457
MAGN,2025-05-22,-0.014204545454545458,-0.04734848484848486,0.3837917590640174,0.44108928454749985
MAGN,2025-05-23,-0.015633338565374365,-0.05211112855124789,0.37259241470496696,0.43522712380902095
MAGN,2025-05-26,-0.017438518045352912,-0.05812839348450971,0.3586372138143616,0.42784671008355074
MAGN,2025-05-27,-0.010938259601361222,-0.03646086533787074,0.40984440050648807,0.45454972647556074
MAGN,2025-05-28,0.00470588235294116,0.015686274509803866,0.5391354721371194,0.5195977978782955
MAGN,2025-05-29,0.0020377733598409887,0.006792577866136629,0.5169749184363656,0.5084899062717886
MAGN,2025-05-30,0.007302533532041754,0.024341778440139183,0.5605557358258577,0.5303897185954539
MAGN,2025-05-31,0.014089521871820998,0.04696507290606999,0.615301085313186,0.558438050391452
MAGN,2025-06-01,0.004540867810292659,0.015136226034308864,0.537768484592566,0.5189112570087259
MGNT,2025-04-16,-0.0017405582922824458,-0.0058018609742748195,0.4854994149424615,0.49274818233277085
MGNT,2025-04-17,-0.003228611805631054,-0.010762039352103514,0.47312083981656866,0.4865506959000484
MGNT,2025-04-18,-0.01007885924165497,-0.03359619747218323,0.41679069392727386,0.4581032257684149
MGNT,2025-04-21,0.0026492287055667196,0.008830762351889065,0.5220625703146311,0.5110366599463901
MGNT,2025-04-22,0.007430547807653686,0.024768492692178956,0.5616066007185354,0.5309211063267464
MGNT,2025-04-23,-0.00033032371724290855,-0.0011010790574763618,0.4972473301668224,0.4986236546545003
MGNT,2025-04-24,0.0023076923076922992,0.007692307692307665,0.5192212922106081,0.5096141994622245
MGNT,2025-04-25,0.010529845741113375,0.03509948580371125,0.5868588085925603,0.5437620945388507
MGNT,2025-04-26,0.007911357340720215,0.02637119113573405,0.565548541914389,0.532916312501291
MGNT,2025-04-27,0.0033641807294501947,0.011213935764833982,0.5280054975838429,0.5140137485194728
MGNT,2025-04-28,0.01504629629629628,0.050154320987654266,0.622821922656893,0.5623664100390694
MGNT,2025-04-29,-0.007720828789531086,-0.025736095965103623,0.43601255307085873,0.4678741978496873
MGNT,2025-04-30,-0.012667386609071274,-0.04222462203023758,0.39597937448233417,0.44741440219179995
MGNT,2025-05-02,-0.02085717370182447,-0.0695239123394149,0.3328686193432794,0.41395978994392024
MGNT,2025-05-03,-0.020736434108527147,-0.06912144702842382,0.333762962763513,0.4144480588692947
MGNT,2025-05-04,-0.027679227458801303,-0.09226409152933768,0.28442009533764306,0.38667262138828956
MGNT,2025-05-05,-0.016185359301544664,-0.053951197671815554,0.368301116218381,0.43296700051709064
MGNT,2025-05-06,-0.009877100011275218,-0.03292366670425073,0.41842636540841605,0.4589381034630848
MGNT,2025-05-07,0.0010790114862512911,0.0035967049541709706,0.5089907931773517,0.5044957600299503
MGNT,2025-05-08,0.0002775850104094646,0.0009252833680315486,0.5023131919164552,0.5011566021470732
MGNT,2025-05-10,6.938020351525687e-05,0.00023126734505085622,0.5005781681049348,0.500289084149102
MGNT,2025-05-11,0.008802650260293454,0.029342167534311514,0.5728336085806244,0.5366120629138532
MGNT,2025-05-12,0.00891920251836309,0.0297306750612103,0.5737839979834537,0.5370950589585006
MGNT,2025-05-13,0.0019421965317919065,0.006473988439306355,0.5161793205246604,0.5080917790054289
MGNT,2025-05-14,-0.0027039519297434866,-0.009013173099144955,0.47748230915662027,0.48873544002470226
MGNT,2025-05-15,-0.0006936416184971095,-0.0023121387283236983,0.4942199106791772,0.4971098587783842
MGNT,2025-05-16,-0.005896551724137933,-0.01965517241379311,0.451019653957401,0.4754507896226
MGNT,2025-05-17,-0.008389945652173903,-0.02796648550724634,0.4305359432191922,0.4650987435941813
MGNT,2025-05-18,-0.001964162646450718,-0.006547208821502393,0.4836378223635434,0.49181671976012636
MGNT,2025-05-19,-0.002308768656716409,-0.00769589552238803,0.48076975147589646,0.49038131740911484
MGNT,2025-05-20,-0.005318655851680198,-0.017728852838933995,0.45579359573510597,0.4778534340032749
MGNT,2025-05-21,-0.006225817798100585,-0.02075272599366862,0.4483035885163252,0.4740823427183974
MGNT,2025-05-22,-0.025894001164822378,-0.08631333721607459,0.29668511039303797,0.393752283518663
MGNT,2025-05-23,-0.031009365244536957,-0.10336455081512319,0.26237795703872213,0.3735954796796334
MGNT,2025-05-26,-0.0355699177438308,-0.11856639247943601,0.23403533614875494,0.3559853347715919
MGNT,2025-05-27,-0.035000589831308236,-0.11666863277102746,0.23745446830343123,0.3581636950435571
MGNT,2025-05-28,-0.02844827586206897,-0.09482758620689657,0.27923169219520627,0.38363731961182546
MGNT,2025-05-29,-0.012774094849566552,-0.04258031616522184,0.3951289418363668,0.44697474366398854
MGNT,2025-05-30,-0.006924564796905208,-0.023081882656350694,0.4425501317955564,0.4711796285901582
MGNT,2025-05-31,0.005719237435008684,0.01906412478336228,0.5475164871167939,0.5238121289162989
MGNT,2025-06-01,0.0009615384615384581,0.0032051282051281937,0.5080121346292997,0.5040063245143647
MOEX,2025-04-16,0.0011614701631220469,0.0038715672104068233,0.5096777092270502,0.5048393078961521
MOEX,2025-04-17,-0.000490872833256617,-0.0016362427775220567,0.495909484318275,0.4979547079360864
MOEX,2025-04-18,-0.008799392097264413,-0.02933130699088138,0.4271929668651416,0.46340144000257144
MOEX,2025-04-21,0.006631121234082182,0.022103737446940608,0.5550354512251198,0.5276015828406897
MOEX,2025-04-22,0.022803816276523614,0.07601272092174538,0.6813813516497731,0.5938884435007702
MOEX,2025-04-23,0.01625957731269605,0.054198591042320166,0.632274270064715,0.5673366577633764
MOEX,2025-04-24,0.02200256081946219,0.0733418693982073,0.6755550326535558,0.5906636019943907
MOEX,2025-04-25,0.0256928135274777,0.085642711758259,0.7019136367039807,0.6054470021815858
MOEX,2025-04-26,0.014753102051152189,0.049177006837173964,0.6205233264780916,0.5611634097756006
MOEX,2025-04-27,0.0021512670187509462,0.007170890062503155,0.5179195470398356,0.5089626524434814
MOEX,2025-04-28,-0.001946246524559758,-0.006487488415199194,0.4837869649482407,0.49189135045360804
MOEX,2025-04-29,-0.014272080927613683,-0.04757360309204561,0.3832595036884392,0.4408118115046605
MOEX,2025-04-30,-0.012763195846553254,-0.042543986155177516,0.3952157746165371,0.4470196458675049
MOEX,2025-05-02,-0.020969299092488892,-0.06989766364162964,0.33203915975149134,0.41350650808118206
MOEX,2025-05-03,-0.021099725790157307,-0.07033241930052436,0.33107562395440787,0.4129794251213122
MOEX,2025-05-04,-0.013521209740769835,-0.04507069913589945,0.3891926856750105,0.4438988463767485
MOEX,2025-05-05,-0.00819138276553104,-0.027304609218436804,0.43215943722198175,0.46592215215875654
MOEX,2025-05-06,-0.0019581262238288597,-0.006527087412762866,0.48368807218145227,0.49184186480447245
MOEX,2025-05-07,0.010291675316587057,0.03430558438862352,0.5849326324482714,0.5427771500507482
MOEX,2025-05-08,0.008817593790426903,0.02939197930142301,0.5729554911920031,0.5366739932084972
MOEX,2025-05-10,0.007588688946015387,0.02529562982005129,0.5629040123762835,0.5315774538473163
MOEX,2025-05-11,0.011836209116662388,0.03945403038887463,0.5973752055568097,0.5491582231655828
MOEX,2025-05-12,0.009293980896548247,0.030979936321827495,0.5768362872142184,0.5386476755453121
MOEX,2025-05-13,0.004034321842541,0.013447739475136666,0.5335687753097246,0.5168033441015969
MOEX,2025-05-14,-0.0009199215804554405,-0.003066405268184802,0.49233458745893693,0.4961670684987384
MOEX,2025-05-15,-0.0008123558319125257,-0.0027078527730417523,0.493230781687903,0.4966152357391045
MOEX,2025-05-16,-0.008190872602943332,-0.027302908676477777,0.4321636103169375,0.46592426796262393
MOEX,2025-05-17,-0.008617647058823551,-0.028725490196078507,0.42867604494337946,0.46415473661019685
MOEX,2025-05-18,-0.003074714066445494,-0.010249046888151647,0.474399788208006,0.48719149427418157
MOEX,2025-05-19,-0.0012706736587333566,-0.004235578862444522,0.48941263561885856,0.4947057242954348
MOEX,2025-05-20,-0.0035901045856797874,-0.011967015285599292,0.4701181146813712,0.4850456922898242
MOEX,2025-05-21,-0.005257259296994376,-0.017524197656647922,0.4563012800599624,0.4781087568584616
MOEX,2025-05-22,-0.014368628242656667,-0.04789542747552222,0.3824990884059869,0.44041520602693096
MOEX,2025-05-23,-0.01697348674337169,-0.0565782891445723,0.3622104689554126,0.4297450426322118
MOEX,2025-05-26,-0.0192019445007089,-0.06400648166902967,0.3452318876392428,0.420667849709497
MOEX,2025-05-27,-0.01729770992366413,-0.05765903307888043,0.35971753529702377,0.4284212899406175
MOEX,2025-05-28,-0.007342113450171162,-0.02447371150057054,0.43911929551448886,0.46944597760276285
MOEX,2025-05-29,-0.005581765173601938,-0.01860588391200646,0.45361901408038174,0.47675940395188926
MOEX,2025-05-30,0.00011135266981281421,0.00037117556604271407,0.500927937849747,0.5004639693243833
MOEX,2025-05-31,0.006800476087426932,0.02266825362475644,0.5564292063153445,0.5283050224167349
MOEX,2025-06-01,-3.240265701783818e-05,-0.00010800885672612726,0.4997299778844352,0.49986498893237374
MTSS,2025-04-16,-0.005527752502274796,-0.01842584167424932,0.45406528375898186,0.4769839752054324
MTSS,2025-04-17,-0.0056923424440930345,-0.01897447481364345,0.45270562312234225,0.4762996805719065
MTSS,2025-04-18,-0.009092965392445163,-0.030309884641483875,0.42480011974473864,0.4621849920003997
MTSS,2025-04-21,0.0018097447795824007,0.006032482598608002,0.5150766346780057,0.5075400316149866
MTSS,2025-04-22,0.0012529002320185389,0.004176334106728463,0.5104393179763668,0.5052202279472947
MTSS,2025-04-23,0.00027809965237544085,0.0009269988412514696,0.5023174805075422,0.5011587464771027
MTSS,2025-04-24,-0.001105226801749959,-0.0036840893391665297,0.49079081822644705,0.49539501853609
MTSS,2025-04-25,0.006368089573128066,0.02122696524376022,0.5528690457887815,0.5265088269446868
MTSS,2025-04-26,0.0040129151291512285,0.01337638376383743,0.5333911858660471,0.5167142496665623
MTSS,2025-04-27,0.00443622920517559,0.014787430683918634,0.5369013582857327,0.5184758722799996
MTSS,2025-04-28,0.005695762908080581,0.018985876360268605,0.5473226255668491,0.5237145393206217
MTSS,2025-04-29,0.0013866420152530477,0.004622140050843493,0.5115532933118253,0.5057774179204505
MTSS,2025-04-30,-0.003563270899954296,-0.01187756966651432,0.47034093598565824,0.48515740004470953
MTSS,2025-05-02,-0.014474283113336373,-0.04824761037778791,0.3816676001010913,0.43998127489963645
MTSS,2025-05-03,-0.013387978142076472,-0.04462659380692158,0.3902489386337578,0.4444470573545242
MTSS,2025-05-04,-0.011179277436946177,-0.037264258123153926,0.40790263543840716,0.45355396658320596
MTSS,2025-05-05,-0.012491373360938562,-0.04163791120312854,0.39738352065691407,0.44813979010958566
MTSS,2025-05-06,-0.004785020804438311,-0.015950069348127704,0.4602091490493469,0.48007297371502483
MTSS,2025-05-07,0.00903873744619803,0.030129124820660103,0.5747581427852069,0.537590342970419
MTSS,2025-05-08,0.007578646329837934,0.025262154432793116,0.5628216467670486,0.5315357762905613
MTSS,2025-05-10,0.005027141845645522,0.016757139485485073,0.5417950933355677,0.520934179219454
MTSS,2025-05-11,0.012818050888142073,0.042726836293806914,0.6052211904279795,0.5532063396172507
MTSS,2025-05-12,0.010993657505285425,0.036645525017618086,0.5906021650232073,0.5456791812191748
MTSS,2025-05-13,0.005431754874651795,0.01810584958217265,0.5451413719033539,0.5226168676246563
MTSS,2025-05-14,0.0007670850767085069,0.002556950255695023,0.5063920273843608,0.5031961442856246
MTSS,2025-05-15,0.004735376044568263,0.01578458681522754,0.5393797377461894,0.5197204982797218
MTSS,2025-05-16,-0.000897790055248604,-0.0029926335174953467,0.4925189745227796,0.4962592778973832
MTSS,2025-05-17,-0.0021074099252209487,-0.007024699750736496,0.48244546880480926,0.49122002791817143
MTSS,2025-05-18,0.0036251709986319545,0.012083903328773182,0.5301730514984783,0.515100285785018
MTSS,2025-05-19,0.001391143055877597,0.004637143519591991,0.5115907818922258,0.5057961697442794
MTSS,2025-05-20,0.001508226691042025,0.005027422303473417,0.512565909178164,0.5062839469940695
MTSS,2025-05-21,-0.0006926806742092006,-0.0023089355806973355,0.49422791747957145,0.49711386257932433
MTSS,2025-05-22,-0.002670013692377904,-0.00890004564125968,0.4777645613525333,0.4888767784699585
MTSS,2025-05-23,-0.010069835548546967,-0.03356611849515656,0.4168638105945028,0.4581405607307665
MTSS,2025-05-26,-0.009069928456035081,-0.03023309485345027,0.42498776256179244,0.46228043158263926
MTSS,2025-05-27,-0.009413369713506158,-0.03137789904502053,0.42219259918944074,0.4608578813081713
MTSS,2025-05-28,0.0014579958342975762,0.004859986114325254,0.5121475743865275,0.5060746837275569
MTSS,2025-05-29,-0.004351830531890422,-0.014506101772968072,0.4637982052702725,0.48187531775868436
MTSS,2025-05-30,0.0034265734265734203,0.011421911421911402,0.5285237751833453,0.5142735100653621
MTSS,2025-05-31,0.011351737267967631,0.037839124226558774,0.5934850316077415,0.5471583198609461
MTSS,2025-06-01,0.0020422535211267467,0.006807511737089156,0.5170122099875141,0.5085085682165843
NVTK,2025-04-16,0.020233183856502277,0.06744394618834093,0.6624965151340283,0.5835150046556926
NVTK,2025-04-17,0.021112671112671122,0.0703755703755704,0.6690199334150813,0.587072878915339
NVTK,2025-04-18,0.014002456571328347,0.04667485523776116,0.6146138941983817,0.5580802034988864
NVTK,2025-04-21,0.0326461097167444,0.10882036572248133,0.7480433076475709,0.632766090651408
NVTK,2025-04-22,0.022208800690250174,0.07402933563416725,0.6770600018623457,0.5914944205745106
NVTK,2025-04-23,0.011393043186019192,0.03797681062006397,0.5938171717521468,0.5473288912996763
NVTK,2025-04-24,0.007181505164781154,0.023938350549270515,0.559561718298864,0.5298872660006186
NVTK,2025-04-25,0.030578373847443416,0.1019279128248114,0.7348321586055104,0.6247219760848959
NVTK,2025-04-28,0.007081649151172175,0.02360549717057392,0.5587412312462294,0.5294726653547348
NVTK,2025-04-29,-0.007278277634961438,-0.024260925449871462,0.4396434415140656,0.4697109755252565
NVTK,2025-04-30,-0.011801845556095213,-0.03933948518698405,0.4029003270537048,0.45098357831510877
NVTK,2025-05-02,-0.03319455564451563,-0.11064851881505211,0.2485267386663452,0.3651124301099129
NVTK,2025-05-03,-0.044363304427202176,-0.14787768142400726,0.18561224536924903,0.3231378967597749
NVTK,2025-05-04,-0.03302795766861478,-0.11009319222871594,0.24956532096536016,0.3657563092008493
NVTK,2025-05-05,-0.033788901696031604,-0.11262967232010535,0.24484517485914334,0.3628193030130681
NVTK,2025-05-06,-0.01567239635995954,-0.05224132119986513,0.3722881173745063,0.4350671208832642
NVTK,2025-05-07,0.010316888728844087,0.034389629096146956,0.5851366670320729,0.5428814350984276
NVTK,2025-05-08,0.010658810926620266,0.035529369755400886,0.5879006954438802,0.5442952827211042
NVTK,2025-05-10,0.01144834930777423,0.038161164359247435,0.5942617528889717,0.5475572587107064
NVTK,2025-05-11,0.030896270179996275,0.10298756726665426,0.7368917916766127,0.6259633032994866
NVTK,2025-05-12,0.020216927453769528,0.06738975817923176,0.6623753428520002,0.5834491578954665
NVTK,2025-05-13,0.01258485639686686,0.04194952132288954,0.6033624525164214,0.5522455009822745
NVTK,2025-05-14,-0.004086206896551714,-0.01362068965517238,0.46600082324642395,0.4829807154890506
NVTK,2025-05-15,-0.005488117626944733,-0.01829372542314911,0.45439280656508046,0.4771487730842994
NVTK,2025-05-16,-0.009841857335127846,-0.03280619111709282,0.41871226461240374,0.4590839610949507
NVTK,2025-05-17,-0.006396801599200385,-0.02132267199733462,0.446894374450025,0.4733718774031783
NVTK,2025-05-18,-0.00365853658536589,-0.012195121951219634,0.469549923819208,0.4847608189064202
NVTK,2025-05-19,0.003408495018353452,0.011361650061178175,0.5283736094947826,0.5141982444274857
NVTK,2025-05-20,-0.0019331243469174696,-0.006443747823058232,0.48389620222391055,0.49194601191073933
NVTK,2025-05-21,-0.0015654896503739745,-0.005218298834579915,0.486957212474962,0.49347749647749994
NVTK,2025-05-22,-0.017463829787234052,-0.058212765957446844,0.3584431663080675,0.4277434438937003
NVTK,2025-05-23,-0.02663622526636227,-0.08878741755454089,0.2915487177059669,0.390803240943662
NVTK,2025-05-26,-0.03250950570342208,-0.10836501901140694,0.25281587379322457,0.36776312086887286
NVTK,2025-05-27,-0.02639789658194569,-0.08799298860648563,0.2931923084471024,0.391749322658799
NVTK,2025-05-28,-0.008078335373317013,-0.02692778457772338,0.43308439142596616,0.46639102489405465
NVTK,2025-05-29,-0.007699258991505486,-0.025664196638351622,0.4361893656733949,0.4679637020161863
NVTK,2025-05-30,0.006737193763919813,0.022457312546399377,0.5559085087351778,0.528042183249343
NVTK,2025-05-31,0.02035278154681137,0.0678426051560379,0.6633873179366876,0.5839993448316855
NVTK,2025-06-01,0.00766865270036523,0.0255621756678841,0.5635597196744675,0.5319092932310385
PHOR,2025-04-16,-0.0013552758954501365,-0.004517586318167122,0.4887079545949404,0.4943532571878268
PHOR,2025-04-17,0.00019175455417066444,0.0006391818472355482,0.5015979491776957,0.5007989766289932
PHOR,2025-04-18,-0.011331356329015151,-0.03777118776338384,0.4066788826801557,0.4529258466435387
PHOR,2025-04-21,0.006355723435703742,0.02118574478567914,0.552767144592167,0.5264574459233154
PHOR,2025-04-22,0.006269387755102063,0.020897959183673542,0.5520555860440639,0.5260987075698993
PHOR,2025-04-23,0.007196110210696948,0.023987034035656496,0.5596816964389577,0.5299479024848693
PHOR,2025-04-24,0.004120089428297646,0.013733631427658821,0.5342802148195958,0.5171602967962136
PHOR,2025-04-25,0.009197080291970772,0.03065693430656924,0.5760476565787318,0.5382463103099235
PHOR,2025-04-26,0.0065615953682856215,0.021871984560952074,0.5544630158196007,0.5273127653296987
PHOR,2025-04-27,0.0055653286422516985,0.01855109547417233,0.5462451899842663,0.5231722580292744
PHOR,2025-04-28,-0.0010446343779677014,-0.0034821145932256714,0.491295593015804,0.49564746670582366
PHOR,2025-04-29,-0.0068525519848771305,-0.022841839949590437,0.443142397374803,0.4714786953686731
PHOR,2025-04-30,-0.009631728045325772,-0.032105760151085905,0.4204180239040048,0.4599537605154599
PHOR,2025-05-02,-0.017280453257790363,-0.05760151085930121,0.3598500316386006,0.428491720585715
PHOR,2025-05-03,-0.017098445595854914,-0.05699481865284972,0.36124878062526133,0.4292347350440606
PHOR,2025-05-04,-0.01129288437102921,-0.0376429479034307,0.4069883511306257,0.453084730376565
PHOR,2025-05-05,-0.013977107851039805,-0.04659035950346602,0.385586264858671,0.44202399357264005
PHOR,2025-05-06,-0.009121951219512191,-0.03040650406504064,0.4245640522059828,0.46206491073369127
PHOR,2025-05-07,0.013777555110220451,0.04592518370073484,0.6128366760816591,0.5571555582325838
PHOR,2025-05-08,0.009940059940059953,0.03313353313353318,0.5820842480092031,0.5413224490657752
PHOR,2025-05-10,0.006783297573857094,0.02261099191285698,0.5562878708316896,0.5282336740822012
PHOR,2025-05-11,0.01745011836320598,0.0581670612106866,0.6414517234976782,0.5722006173740903
PHOR,2025-05-12,0.017306724802951524,0.05768908267650508,0.6403516722677477,0.5716155018633344
PHOR,2025-05-13,0.007472457288839184,0.024908190962797283,0.561950514669965,0.5310950575629945
PHOR,2025-05-14,0.004061240934730059,0.013537469782433531,0.5337920831993034,0.5169153794613953
PHOR,2025-05-15,0.007165913492575826,0.023886378308586087,0.5594336275012339,0.5298225323180447
PHOR,2025-05-16,0.017209971236816866,0.05736657078938956,0.6396085871364517,0.5712205869463168
PHOR,2025-05-17,0.0177897574123989,0.059299191374662996,0.6440513347942116,0.5735857017214694
PHOR,2025-05-18,0.013553513008256734,0.045178376694189115,0.6110632567267703,0.5562340520646865
PHOR,2025-05-19,0.013452059150898376,0.044840197169661256,0.610259221294774,0.5558166351404424
PHOR,2025-05-20,0.008795712484237073,0.029319041614123575,0.5727770195959291,0.5365833103868349
PHOR,2025-05-21,-0.0020401994861719897,-0.006800664953906632,0.4830048871747128,0.49149998778649573
PHOR,2025-05-22,-0.012572968118545124,-0.04190989372848375,0.3967323866213882,0.44780349318185386
PHOR,2025-05-23,-0.011715605902519,-0.03905201967506333,0.4035920802003696,0.4513394818811027
PHOR,2025-05-26,-0.011779029067113077,-0.03926343022371026,0.4030833072405375,0.4510777351211995
PHOR,2025-05-27,-0.007901990811638603,-0.02633996937212868,0.4345281725861572,0.4671225457614624
PHOR,2025-05-28,-0.007623250152160665,-0.02541083384053555,0.43681255666841956,0.468279118110038
PHOR,2025-05-29,-0.0050617091079518724,-0.01687236369317291,0.45791887272252796,0.4789220447381444
PHOR,2025-05-30,-0.003443462075383896,-0.01147820691794632,0.4713359463562008,0.4856561781938246
PHOR,2025-05-31,0.004134325993980647,0.013781086646602159,0.5343982932818683,0.5172195457063048
PHOR,2025-06-01,-0.004624095627555824,-0.015413652091852748,0.4615419803224292,0.48074246564577644
PLZL,2025-04-16,0.007959570435881247,0.02653190145293749,0.5659433709321132,0.5331163244617374
PLZL,2025-04-17,-0.0017052501033484769,-0.005684167011161589,0.4857934073621486,0.49289526946315215
PLZL,2025-04-18,-0.0011845386533665735,-0.003948462177888579,0.49013012681206664,0.49506458257847835
PLZL,2025-04-21,0.009516282010749277,0.031720940035830925,0.5786440114935023,0.5395682633410308
PLZL,2025-04-22,0.008883034773445764,0.02961011591148588,0.5734891372505827,0.5369451861477268
PLZL,2025-04-23,-0.006000000000000005,-0.020000000000000018,0.45016600268752205,0.47502081252106
PLZL,2025-04-24,-0.0030246336139694518,-0.01008211204656484,0.47481604896220964,0.48740002810864874
PLZL,2025-04-25,-0.009451283121218467,-0.031504277070728226,0.42188433539331505,0.46070088078674926
PLZL,2025-04-26,-0.016578140960163433,-0.05526046986721145,0.3652603103921696,0.4313605365310939
PLZL,2025-04-27,-0.01529014430457477,-0.0509671476819159,0.37527054219131273,0.4366336191554824
PLZL,2025-04-28,-0.014819466248037705,-0.04939822082679235,0.3789559108645585,0.4385642289570724
PLZL,2025-04-29,-0.022522049559008828,-0.07507349853002943,0.32066117230231206,0.40724468560117527
PLZL,2025-04-30,-0.0170292977165015,-0.05676432572167167,0.361780808595821,0.4295171029817007
PLZL,2025-05-02,-0.02400259487512163,-0.08000864958373877,0.31000701687809806,0.40130194915470047
PLZL,2025-05-03,-0.021869945001617572,-0.07289981667205858,0.325414611323853,0.409870902684234
PLZL,2025-05-04,-0.015556534184740699,-0.05185511394913567,0.373191088095892,0.43554179753060823
PLZL,2025-05-05,-0.0029288227948689014,-0.009762742649563005,0.47561251029602963,0.4877989942831172
PLZL,2025-05-06,0.009044193216855078,0.030147310722850262,0.574802590566224,0.5376129467843996
PLZL,2025-05-07,0.010859090374897162,0.036196967916323874,0.5895171540795039,0.5451231078751299
PLZL,2025-05-08,0.005129696405722917,0.01709898801907639,0.5426436210968917,0.5213607254618259
PLZL,2025-05-10,0.004006038086391106,0.013353460287970353,0.5333341323300929,0.5166856272871417
PLZL,2025-05-11,0.0009285796171041971,0.0030952653903473237,0.5077375457286032,0.5038690045139776
PLZL,2025-05-12,-0.011240438975723332,-0.037468129919077775,0.4074103408045503,0.4533013378168009
PLZL,2025-05-13,-0.0006124532153794048,-0.0020415107179313496,0.4948964004590129,0.49744813376000857
PLZL,2025-05-14,-0.00631290027447392,-0.021043000914913068,0.44758576708706527,0.47372048766653263
PLZL,2025-05-15,-0.010450326572705426,-0.03483442190901809,0.4137840011427863,0.45656671620495376
PLZL,2025-05-16,-0.014845714285714273,-0.049485714285714244,0.3787500182897753,0.43845651618645876
PLZL,2025-05-17,-0.010434181734423552,-0.034780605781411844,0.41391454725617655,0.4566334795371179
PLZL,2025-05-18,-0.01350153426525742,-0.04500511421752473,0.3893486066091884,0.4439797969232339
PLZL,2025-05-19,-0.00988317757009346,-0.032943925233644866,0.41837706795455476,0.45891295119341874
PLZL,2025-05-20,0.0036329098895880206,0.01210969963196007,0.530237306903048,0.5151325016910228
PLZL,2025-05-21,0.0076830587952386505,0.025610195984128836,0.5636778269150238,0.531969073695902
PLZL,2025-05-22,-0.0011454480372270926,-0.0038181601240903085,0.4904557591553722,0.4952274447939329
PLZL,2025-05-23,0.0069260978222064114,0.02308699274068804,0.5574624747205874,0.5288267377880419
PLZL,2025-05-26,0.0013409035999033536,0.004469678666344512,0.5111723367173835,0.505586865804537
PLZL,2025-05-27,-0.009043988269794722,-0.03014662756598241,0.42519907910125126,0.46238790232936894
PLZL,2025-05-28,-0.0030246189917936817,-0.010082063305978939,0.47481617050454783,0.48740008899569126
PLZL,2025-05-29,0.00197628458498027,0.006587615283267567,0.5164630849458346,0.5082337747041157
PLZL,2025-05-30,-0.005653134814470184,-0.018843782714900614,0.45302945007277096,0.4764626811618425
PLZL,2025-05-31,0.004546001202645855,0.01515333734215285,0.5378110185014962,0.5189326155108923
PLZL,2025-06-01,-0.0007256894049346929,-0.002418964683115643,0.4939528831563342,0.49697633100573835
ROSN,2025-04-16,0.0008982035928143616,0.0029940119760478723,0.5074844708517817,0.5037424450793192
ROSN,2025-04-17,0.014899682052406504,0.049665606841355014,0.62167317367018,0.561764930429169
ROSN,2025-04-18,0.012620192307692313,0.04206730769230771,0.6036443000372054,0.5523911219153441
ROSN,2025-04-21,0.02183396394391277,0.07277987981304257,0.6743220482428521,0.5899840397940871
ROSN,2025-04-22,0.020307488109722382,0.06769162703240794,0.6630500937431691,0.5838159369810203
ROSN,2025-04-23,0.012703150912106097,0.042343836373686994,0.6043057266495252,0.5527329628296298
ROSN,2025-04-24,-0.005514936285773963,-0.01838312095257988,0.4541711862332976,0.47703726321547724
ROSN,2025-04-25,0.001981755268952501,0.006605850896508336,0.5165086244175344,0.5082565630221216
ROSN,2025-04-26,-0.000840248962655632,-0.0028008298755187733,0.4929983830153908,0.49649901987199113
ROSN,2025-04-27,-0.0009945094789184372,-0.0033150315963947907,0.4917131798906693,0.4958563053725318
ROSN,2025-04-28,0.0016228256257954986,0.005409418752651662,0.5135202501506743,0.5067613612590132
ROSN,2025-04-29,-0.0076292828261331986,-0.02543094275377733,0.4367630878931741,0.46825408321773726
ROSN,2025-04-30,-0.015937499999999993,-0.05312499999999998,0.3702253925955867,0.43398146480389854
ROSN,2025-05-02,-0.028055757827941306,-0.09351919275980436,0.28187257312416714,0.38518540434000126
ROSN,2025-05-03,-0.026753975678203933,-0.08917991892734645,0.29073867751741866,0.39033611528109047
ROSN,2025-05-04,-0.021679502057179032,-0.07226500685726345,0.32680968691816337,0.41063885039058995
ROSN,2025-05-05,-0.020471667212577805,-0.06823889070859268,0.33572833201399305,0.41551935922752875
ROSN,2025-05-06,-0.016006600660065994,-0.053355335533553316,0.36968850632430705,0.43369858645211473
ROSN,2025-05-07,0.0015836584806059538,0.0052788616020198464,0.5131940902179304,0.5065981939491002
ROSN,2025-05-08,0.0039370078740157185,0.013123359580052396,0.5327613936798592,0.5163983162303344
ROSN,2025-05-10,0.0037525585626563274,0.012508528542187758,0.531230611602551,0.5156305659896109
ROSN,2025-05-11,0.015397234591047602,0.05132411530349201,0.6255659685080265,0.5638053739481049
ROSN,2025-05-12,0.01823358512492732,0.06077861708309107,0.6474356324736105,0.5753939369658376
ROSN,2025-05-13,0.012226027397260286,0.04075342465753429,0.6004964903242632,0.5507662466432225
ROSN,2025-05-14,-0.0034467222347375425,-0.011489074115791809,0.47130886773390035,0.48564260538646975
ROSN,2025-05-15,-0.002055256064690025,-0.006850853548966751,0.48287956172032664,0.4914372703074594
ROSN,2025-05-16,-0.005851538118591182,-0.019505127061970606,0.45139119487333684,0.47563789761520175
ROSN,2025-05-17,-0.007164767747589806,-0.023882559158632688,0.44057578548903903,0.47018222463866244
ROSN,2025-05-18,-0.005528134254689077,-0.018427114182296922,0.45406212934060314,0.47698238794108083
ROSN,2025-05-19,0.00013673655423882547,0.00045578851412941823,0.5011394693126828,0.5005697353960813
ROSN,2025-05-20,-0.006683252289946817,-0.022277507633156057,0.444535427783117,0.47218187156508795
ROSN,2025-05-21,-0.007161532340570642,-0.023871774468568807,0.44060236655152846,0.47019565757951254
ROSN,2025-05-22,-0.014579124579124568,-0.04859708193041523,0.380843197933133,0.43955077513159424
ROSN,2025-05-23,-0.017934964800536378,-0.05978321600178793,0.3548398178595748,0.42582247779576254
ROSN,2025-05-26,-0.017152619589977245,-0.05717539863325749,0.36083220024337764,0.4290135456885965
ROSN,2025-05-27,-0.012942401110340063,-0.043141337034466876,0.3937888823321645,0.4462814582019095
ROSN,2025-05-28,-0.0008384767672062754,-0.0027949225573542513,0.49301314842098143,0.49650640365843374
ROSN,2025-05-29,0.0007785773268844665,0.002595257756281555,0.5064877802485093,0.5032440266752783
ROSN,2025-05-30,0.004599477062039425,0.015331590206798085,0.5382540722510252,0.5191551083543475
ROSN,2025-05-31,0.010473544334380303,0.03491181444793434,0.5864037149288167,0.5435292928680334
ROSN,2025-06-01,0.0036262540795358508,0.012087513598452837,0.5301820442945145,0.5151047945048447
RUAL,2025-04-16,-0.00648600621945804,-0.0216200207315268,0.4461595050496194,0.4730012604120113
RUAL,2025-04-17,-0.005092861288450379,-0.016976204294834596,0.4576611213360373,0.4787924760785588
RUAL,2025-04-18,-0.011403381991617266,-0.03801127330539089,0.4060997075117919,0.45262841667814413
RUAL,2025-04-21,0.010768060836501902,0.03589353612167301,0.5887826906221995,0.5447468815275233
RUAL,2025-04-22,0.015319534672911316,0.051065115576371056,0.6249591081702798,0.5634868701187062
RUAL,2025-04-23,0.010670500983805065,0.03556833661268355,0.5879950985655852,0.5443436085965788
RUAL,2025-04-24,0.001594095940959428,0.005313653136531427,0.5132810080878417,0.5066416757437717
RUAL,2025-04-25,0.016766826923076936,0.05588942307692313,0.6361966480339792,0.5694106717011608
RUAL,2025-04-26,0.012465129936866859,0.04155043312288953,0.6024069769153813,0.5517520361914545
RUAL,2025-04-27,0.008193186718413114,0.027310622394710382,0.5678553189115674,0.53408532938842
RUAL,2025-04-28,0.00859397836889797,0.028646594562993233,0.5711307186151592,0.535747149320621
RUAL,2025-04-29,0.0007047423285860832,0.002349141095286944,0.5058725826770727,0.5029363926100684
RUAL,2025-04-30,-0.010671599317017643,-0.035571997723392146,0.411996032171049,0.4556518510139493
RUAL,2025-05-02,-0.024950662531716905,-0.08316887510572302,0.30328811109589027,0.39751158095533806
RUAL,2025-05-03,-0.025940954246536963,-0.08646984748845654,0.29635863523013367,0.3935654951096153
RUAL,2025-05-04,-0.0207161125319693,-0.06905370843989767,0.33391360680126503,0.4145302555466386
RUAL,2025-05-05,-0.01757726673502271,-0.05859088911674237,0.35757409421767244,0.42728072421805274
RUAL,2025-05-06,-0.013897904986721743,-0.04632634995573914,0.3862119171739054,0.44234959341120667
RUAL,2025-05-07,0.0044280442804427445,0.014760147601475815,0.5368335214136049,0.5184418149076336
RUAL,2025-05-08,0.003675907489661512,0.012253024965538373,0.5305942942888935,0.5153114923070886
RUAL,2025-05-10,0.0026556776556776462,0.00885225885225882,0.5221162066752467,0.511063517447753
RUAL,2025-05-11,0.012042943830714137,0.040143146102380456,0.599031535368401,0.5500111461497131
RUAL,2025-05-12,0.017311262376237636,0.05770420792079212,0.6403865051788,0.5716340204481275
RUAL,2025-05-13,0.008363636363636351,0.027878787878787836,0.5692490312588107,0.5347921668239067
RUAL,2025-05-14,0.004857013163867441,0.016190043879558136,0.5403869305296601,0.520226510799604
RUAL,2025-05-15,0.0024962178517398126,0.008320726172466042,0.5207898220433368,0.5103994077637879
RUAL,2025-05-16,-0.005654450261780064,-0.01884816753926688,0.4530185847736578,0.4764572122802885
RUAL,2025-05-17,-0.007547169811320753,-0.02515723270440251,0.43743653374960717,0.46859485630209374
RUAL,2025-05-18,-0.004422169811320764,-0.01474056603773588,0.4632151671820593,0.48158262879265556
RUAL,2025-05-19,-0.004913639070875497,-0.016378796902918324,0.45914430154443386,0.47953793854051197
RUAL,2025-05-20,-0.0051762940735184055,-0.017254313578394687,0.45697091517583366,0.4784454751739603
RUAL,2025-05-21,-0.009879554810184498,-0.03293184936728166,0.41840645337925847,0.4589279441344607
RUAL,2025-05-22,-0.017599399849962494,-0.058664666166541646,0.3574046351840493,0.4271904560278066
RUAL,2025-05-23,-0.02024236983842014,-0.06747456612806713,0.337435023654612,0.4164477887284928
RUAL,2025-05-26,-0.02711171662125339,-0.0903723887375113,0.2882858389376599,0.388918163561974
RUAL,2025-05-27,-0.019053435114503813,-0.06351145038167938,0.3463517458718531,0.4212711793601917
RUAL,2025-05-28,-0.00028377739240107445,-0.0009459246413369149,0.4976352060295881,0.49881759640245993
RUAL,2025-05-29,-0.004303474657315898,-0.014344915524386326,0.4641990817384796,0.48207653874608225
RUAL,2025-05-30,-0.0019733675597625286,-0.006577891865875096,0.4835611972828119,0.49177837627648896
RUAL,2025-05-31,0.010484273589615567,0.03494757863205189,0.5864904526962235,0.5435736589229572
RUAL,2025-06-01,-0.004744049559830476,-0.015813498532768255,0.46054843213070457,0.4802434183948336
SBER,2025-04-16,0.0009906273973516954,0.0033020913245056516,0.5082544782812358,0.5041275203942117
SBER,2025-04-17,0.003837846818408419,0.012792822728028064,0.531938510871771,0.5159855784882339
SBER,2025-04-18,-0.001472685661215989,-0.004908952204053296,0.48773008337541884,0.49386411778628725
SBER,2025-04-21,0.011757166947723463,0.039190556492411543,0.5967413409713094,0.5488320431829772
SBER,2025-04-22,0.014356186449209662,0.047853954830698875,0.6174029511155436,0.5595336887473226
SBER,2025-04-23,0.00917553191489362,0.030585106382978733,0.5758722311805259,0.5381570495226705
SBER,2025-04-24,0.005275590551181142,0.017585301837270473,0.5438503095071051,0.5219674764431365
SBER,2025-04-25,0.016679444018532694,0.05559814672844232,0.6355222204730977,0.5690535568446733
SBER,2025-04-26,0.00921069713098792,0.03070232376995974,0.5761585014248461,0.5383027146752819
SBER,2025-04-27,0.005697357886309073,0.018991192954363578,0.5473357979574918,0.5237211701093457
SBER,2025-04-28,0.004093548387096768,0.01364516129032256,0.5340600724560829,0.5170498385494365
SBER,2025-04-29,-0.0007254320350786658,-0.0024181067835955528,0.4939550275915321,0.4969774033409354
SBER,2025-04-30,-0.008421484732703887,-0.028071615775679626,0.4302782091973107,0.4649679734554359
SBER,2025-05-02,-0.016644624976383905,-0.05548208325461301,0.36474666394102734,0.43108876101502525
SBER,2025-05-03,-0.016481237035640205,-0.05493745678546735,0.3660095261967787,0.4317567375385787
SBER,2025-05-04,-0.011867103713840187,-0.03955701237946729,0.402377129005158,0.4507142968715877
SBER,2025-05-05,-0.0143208041110501,-0.047736013703500335,0.3828756838919772,0.44061165268986274
SBER,2025-05-06,-0.005633528265107257,-0.018778427550357524,0.45319140106296374,0.47654419470818826
SBER,2025-05-07,0.002830377383651217,0.00943459127883739,0.5235689981886386,0.5117910526391569
SBER,2025-05-08,0.0014466245427336099,0.004822081809112033,0.5120528691215058,0.506027310285324
SBER,2025-05-10,0.0005765407554671808,0.0019218025182239362,0.5048043584293308,0.5024022346639893
SBER,2025-05-11,0.011037197936464849,0.03679065978821616,0.5909530419956288,0.5458590795291638
SBER,2025-05-12,0.008731209853652099,0.029104032845507,0.5722508034641782,0.536315977710645
SBER,2025-05-13,0.008372139106311294,0.02790713035437098,0.5693185269402157,0.534827423202389
SBER,2025-05-14,0.002045341717689886,0.006817805725632953,0.5170379151214585,0.5085214319704234
SBER,2025-05-15,0.0023215821152193115,0.007738607050731039,0.5193368685193316,0.5096720521333313
SBER,2025-05-16,0.0008445724761031226,0.0028152415870104086,0.5070376391619262,0.5035189938796095
SBER,2025-05-17,-0.001853222225797113,-0.0061774074193237105,0.48456139066386705,0.4922788545529783
SBER,2025-05-18,-8.674977509320891e-05,-0.00028916591697736305,0.4992770857112888,0.49963854266674484
SBER,2025-05-19,0.004062982807928738,0.01354327602642913,0.5338065324791541,0.5169226289561245
SBER,2025-05-20,0.0014176949330532596,0.0047256497768441985,0.5118119263474797,0.5059067874132097
SBER,2025-05-21,-0.002311157537376729,-0.00770385845792243,0.48074987361464105,0.49037136742712495
SBER,2025-05-22,-0.006050697659360915,-0.020168992197869717,0.449747754313766,0.47481010395526274
SBER,2025-05-23,-0.008609995179173978,-0.02869998393057993,0.42873851421232645,0.46418645572420486
SBER,2025-05-26,-0.010274705672493766,-0.034249018908312556,0.41520470746663685,0.4572930401068747
SBER,2025-05-27,-0.0073099033185263,-0.02436634439508767,0.4393837510201406,0.4695796875126943
SBER,2025-05-28,0.004431212579774968,0.014770708599249893,0.5368597805239347,0.5184549981830049
SBER,2025-05-29,0.003954932928038013,0.01318310976012671,0.5329101249101975,0.516472923253828
SBER,2025-05-30,0.007027992852888576,0.02342664284296192,0.5583002206378943,0.5292498683862341
SBER,2025-05-31,0.011052154347315057,0.03684051449105019,0.59107354907762,0.5459208729650435
SBER,2025-06-01,0.004459323736190157,0.01486441245396719,0.5370927589955726,0.5185719674163307
SIBN,2025-04-16,0.004518321241619927,0.015061070805399757,0.5375816632842628,0.5188174466979824
SIBN,2025-04-17,0.0020814561182195047,0.006938187060731682,0.5173385128018626,0.5086718641558379
SIBN,2025-04-18,-0.003026481715006324,-0.010088272383354413,0.47480068721486274,0.48739233258070247
SIBN,2025-04-21,0.006846929422548142,0.022823098075160475,0.5568113533312924,0.5284979534551728
SIBN,2025-04-22,0.013577047663118935,0.045256825543729784,0.6112496858954312,0.556330870608125
SIBN,2025-04-23,0.011019632678910773,0.03673210892970258,0.5908115009097088,0.5457865056606339
SIBN,2025-04-24,0.004483221476510057,0.014944071588366858,0.5372908049609434,0.5186714032181395
SIBN,2025-04-25,0.015559599636032772,0.05186533212010924,0.6268328138888124,0.5644707628663994
SIBN,2025-04-26,0.011318218478358276,0.037727394927860924,0.593215444758112,0.5470198969723675
SIBN,2025-04-27,0.00942978572693467,0.03143261908978223,0.5779408824890595,0.539210098834942
SIBN,2025-04-28,0.004005585129592437,0.01335195043197479,0.5333303744651947,0.516683742068706
SIBN,2025-04-29,-0.0028301886792452824,-0.009433962264150941,0.47643257085414825,0.4882097331919742
SIBN,2025-04-30,-0.00879757785467129,-0.029325259515570967,0.42720776505012326,0.4634089588534367
SIBN,2025-05-02,-0.02028497409326424,-0.0676165803108808,0.3371175921505775,0.4162752382294759
SIBN,2025-05-03,-0.01828483131599279,-0.06094943771997596,0.35217454594147285,0.42439740561944844
SIBN,2025-05-04,-0.0162762659317947,-0.05425421977264899,0.3675964007002448,0.43259506876889653
SIBN,2025-05-05,-0.017890520694259004,-0.05963506898086335,0.3551790415324276,0.42600359576500374
SIBN,2025-05-06,-0.016629533909633665,-0.05543177969877888,0.3648632284955474,0.43115044713137946
SIBN,2025-05-07,-0.0012225618227285518,-0.004075206075761839,0.48981339453873723,0.4949061686432631
SIBN,2025-05-08,-0.0017551878599506687,-0.005850626199835562,0.4853776052794801,0.4926872387314193
SIBN,2025-05-10,-0.0035785831360408468,-0.01192861045346949,0.47021378493129773,0.48509365552495337
SIBN,2025-05-11,0.011926171320397527,0.03975390440132509,0.5980962456558644,0.5495294149783124
SIBN,2025-05-12,0.015227851684121128,0.0507595056137371,0.6242425304887635,0.5631109802041668
SIBN,2025-05-13,0.009150934622895934,0.030503115409653114,0.5756719611886109,0.5380551560916186
SIBN,2025-05-14,0.00027586206896554886,0.0009195402298851629,0.5022988343764929,0.5011494232625661
SIBN,2025-05-15,-0.0004976499861763739,-0.0016588332872545797,0.49585301187628417,0.49792647027797965
SIBN,2025-05-16,-0.0025944469731452036,-0.008648156577150679,0.478393073505959,0.48919148834109005
SIBN,2025-05-17,-0.0026667863877166574,-0.008889287959055525,0.4777914024346565,0.4888902189257239
SIBN,2025-05-18,0.00024366031946576605,0.0008122010648858868,0.5020304915000979,0.5010152499358359
SIBN,2025-05-19,-0.0027285254937988277,-0.009095084979329426,0.4772779485681883,0.4886331026171564
SIBN,2025-05-20,-0.0026031570202159626,-0.008677190067386542,0.47832062578090184,0.48915521349430713
SIBN,2025-05-21,-0.005041322314049568,-0.01680440771349856,0.45808756411028506,0.4790068393617288
SIBN,2025-05-22,-0.016144229026997612,-0.053814096756658714,0.36862014646068914,0.43313530412619616
SIBN,2025-05-23,-0.021830477908025246,-0.07276825969341749,0.3257034714306578,0.4100300149809744
SIBN,2025-05-26,-0.015909512330799156,-0.05303170776933053,0.3704429377313958,0.4340960505726263
SIBN,2025-05-27,-0.008296861905205332,-0.027656206350684442,0.4312968327354768,0.46548472360997867
SIBN,2025-05-28,-0.003418324460633237,-0.011394414868777458,0.47154474302291244,0.4857608326836054
SIBN,2025-05-29,-0.0007755649176560686,-0.0025852163921868954,0.4935373189515175,0.49676852450351966
SIBN,2025-05-30,0.0072352426334726825,0.024117475444908942,0.5600031286941908,0.5301103661179885
SIBN,2025-05-31,0.009839436068141772,0.03279812022713924,0.5812680913337118,0.5409060178343442
SIBN,2025-06-01,-0.003505075656004608,-0.01168358552001536,0.4708242176043301,0.48539967002036677
T,2025-04-16,0.00024610336341264195,0.0008203445447088065,0.5020508498605305,0.5010254292432236
T,2025-04-17,0.004245283018867907,0.014150943396226356,0.5353184407392408,0.5176813034713882
T,2025-04-18,-0.004156739811912213,-0.013855799373040711,0.46541581372090673,0.4826871747531429
T,2025-04-21,0.01169458762886597,0.03898195876288657,0.596239267936995,0.5485737699681159
T,2025-04-22,0.012237117987165601,0.04079039329055201,0.6005851749474029,0.5508119806252203
T,2025-04-23,0.004029003783102114,0.01343001261034038,0.5335246576427417,0.5167812105137629
T,2025-04-24,-0.001209302325581396,-0.004031007751937987,0.4899238449805368,0.4949614108759083
T,2025-04-25,0.013217623497997289,0.044058744993324295,0.608398999400609,0.5548517837815566
T,2025-04-26,0.008353488372093066,0.027844961240310218,0.5691660848526243,0.534750088013159
T,2025-04-27,0.004413649960319899,0.014712166534399662,0.5367142176028524,0.5183819199010162
T,2025-04-28,0.006084738381136123,0.020282461270453744,0.5505330369055423,0.525331370361668
T,2025-04-29,0.0011768368617683933,0.003922789539227978,0.5098057164379163,0.5049033297296265
T,2025-04-30,-0.010467665327000353,-0.03489221775666784,0.4136438145930141,0.45649501744072934
T,2025-05-02,-0.027874984916133706,-0.09291661638711235,0.28309391239626336,0.38589915418040394
T,2025-05-03,-0.027271086511851783,-0.09090362170617261,0.287197097526828,0.388287083804517
T,2025-05-04,-0.021751326300384188,-0.07250442100128063,0.3262831821167531,0.4103491728389914
T,2025-05-05,-0.025900886931712486,-0.08633628977237495,0.29663721912281116,0.39372488866587607
T,2025-05-06,-0.012095400340715512,-0.04031800113571837,0.4005485483301413,0.4497724811954726
T,2025-05-07,0.003112943993614481,0.010376479978714936,0.5259179489504989,0.5129676912525275
T,2025-05-08,0.003275759380583687,0.010919197935278957,0.5272709045584462,0.5136456081070135
T,2025-05-10,0.0015779092702169928,0.005259697567389976,0.5131462133719659,0.5065742430623312
T,2025-05-11,0.016353268617201832,0.054510895390672776,0.6330000882356909,0.5677199175304075
T,2025-05-12,0.011479289940828407,0.03826429980276136,0.594510403431655,0.5476850085758262
T,2025-05-13,0.012244897959183687,0.04081632653061229,0.6006473826607431,0.5508440621842428
T,2025-05-14,0.002906520031421844,0.00968840010473948,0.524202072140807,0.5121081324505614
T,2025-05-15,0.004316546762589901,0.014388489208633004,0.5359092922933956,0.5179778581562622
T,2025-05-16,-0.00328312089609889,-0.010943736320329633,0.4726679323810455,0.4863237418085842
T,2025-05-17,-0.0040843465045592555,-0.013614488348530851,0.46601625486192544,0.4829884581452079
T,2025-05-18,-0.0015370018975331744,-0.005123339658443915,0.48719445179661686,0.4935961756137069
T,2025-05-19,5.835062240662214e-05,0.00019450207468874048,0.5004862550334256,0.5002431275741989
T,2025-05-20,-0.00415860735009671,-0.013862024500322367,0.46540032539267984,0.4826794026776386
T,2025-05-21,-0.006541265295495957,-0.02180421765165319,0.4457043975104351,0.4727716913215039
T,2025-05-22,-0.005334788470180418,-0.017782628233934727,0.45566021130374706,0.4777863470356046
T,2025-05-23,-0.006198741178714473,-0.02066247059571491,0.44852682531939403,0.47419486014592116
T,2025-05-26,-0.006047838205743194,-0.02015946068581065,0.4497713425087295,0.47482198811940823
T,2025-05-27,0.004727034978751221,0.01575678326250407,0.5393106592759034,0.5196857978074795
T,2025-05-28,0.021877703107325796,0.07292567702441932,0.6746421547434527,0.590160372040625
T,2025-05-29,0.011254901960784313,0.037516339869281046,0.5927060459091994,0.5467583982753603
T,2025-05-30,0.01080888081017919,0.036029602700597296,0.589112091959867,0.5449155973892261
T,2025-05-31,0.01704816088912413,0.0568272029637471,0.6383643594773307,0.5705599300432904
T,2025-06-01,0.0020661688980432302,0.006887229660144101,0.5172112713691257,0.5086081864250488
VTBR,2025-04-16,0.011607608129234004,0.03869202709744668,0.5955410979146671,0.5482147505086918
VTBR,2025-04-17,0.01961110400409365,0.06537034668031216,0.6578445444959574,0.580993158489622
VTBR,2025-04-18,0.01960608773500447,0.06535362578334825,0.6578069072550704,0.5809728056669798
VTBR,2025-04-21,0.039298013245033125,0.13099337748344375,0.787502073799886,0.6581288649127871
VTBR,2025-04-22,0.035875486381322964,0.11958495460440988,0.7677856180755108,0.6451813836135016
VTBR,2025-04-23,0.021334503950834072,0.0711150131694469,0.6706552470449937,0.5879688618296195
VTBR,2025-04-24,0.008069164265129668,0.026897214217098897,0.5668405499862643,0.5335709346155905
VTBR,2025-04-25,0.014189675870348117,0.04729891956782706,0.6160910144562033,0.5588496180346822
VTBR,2025-04-26,0.0086075652886755,0.028691884295585002,0.5712416479013067,0.5358034716608061
VTBR,2025-04-27,0.005595458758109384,0.018651529193697947,0.5464941148074538,0.5232975290771401
VTBR,2025-04-28,0.046194379391100666,0.15398126463700224,0.8234374878660473,0.6835006292116909
VTBR,2025-04-29,0.04132366697848457,0.13774555659494858,0.7985820420922853,0.6656838560088367
VTBR,2025-04-30,0.03734525447042638,0.12448418156808794,0.7764056777518843,0.6507689458369307
VTBR,2025-05-02,0.029918032786885228,0.0997267759562841,0.7305210485431445,0.622138234211459
VTBR,2025-05-03,0.029546229955646507,0.09848743318548836,0.7280743189354585,0.6206803980586529
VTBR,2025-05-04,-0.004322678843226802,-0.014408929477422672,0.4640398709805672,0.48199662458647746
VTBR,2025-05-05,-0.00342240493319631,-0.0114080164439877,0.4715108493482988,0.48574384451991137
VTBR,2025-05-06,-0.002079510703363896,-0.00693170234454632,0.48267767951218626,0.4913362393033785
VTBR,2025-05-07,0.0032298136645962706,0.010766045548654235,0.5268891467197137,0.5134543082210119
VTBR,2025-05-08,0.0036028574386582244,0.012009524795527415,0.5299877781678137,0.5150073968963531
VTBR,2025-05-10,0.0029342118809842607,0.009780706269947537,0.524432291719969,0.5122234468470253
VTBR,2025-05-11,0.008982222684270713,0.029940742280902377,0.5742976500057453,0.5373561874768917
VTBR,2025-05-12,0.007082734551426783,0.023609115171422612,0.5587501513891066,0.5294771721397276
VTBR,2025-05-13,0.004700942236788208,0.015669807455960694,0.5390945564458806,0.5195772456506503
VTBR,2025-05-14,-0.0023017902813299296,-0.007672634271099765,0.48082781884292286,0.49041038324516384
VTBR,2025-05-15,-0.002538743882544869,-0.008462479608482898,0.47885641753330377,0.4894234784055962
VTBR,2025-05-16,-0.005692944382759646,-0.018976481275865487,0.4527006518512107,0.4762971781299248
VTBR,2025-05-17,-0.0042117930204573105,-0.014039310068191035,0.464959260995507,0.4824580650616862
VTBR,2025-05-18,-0.0008470303519209632,-0.0028234345064032107,0.4929418826092298,0.4964707654799049
VTBR,2025-05-19,-9.278350515465882e-05,-0.00030927835051552943,0.4992268047400321,0.49961340213889577
VTBR,2025-05-20,-0.002930591259640125,-0.00976863753213375,0.47559780817053676,0.48779163007024745
VTBR,2025-05-21,-0.0047535754707274,-0.015845251569091334,0.46046954474136653,0.48020378919344137
VTBR,2025-05-22,-0.009580960130187098,-0.03193653376729033,0.420830427705823,0.46016394366173885
VTBR,2025-05-23,-0.010284154110627984,-0.034280513702093285,0.4151282370768187,0.4572539590918775
VTBR,2025-05-26,-0.014602454367330098,-0.048674847891100326,0.3806598415093038,0.43945499075970607
VTBR,2025-05-27,-0.008442367601246092,-0.028141225337486975,0.4301075773909396,0.46488138969894777
VTBR,2025-05-28,0.0004077365394668186,0.0013591217982227288,0.5033977521926443,0.5016988957098237
VTBR,2025-05-29,-0.0031834418995587478,-0.010611472998529159,0.47349618299437624,0.48673876956233497
VTBR,2025-05-30,-0.005026178010471183,-0.01675392670157061,0.45821288251305997,0.47906982972193746
VTBR,2025-05-31,0.005268292682926834,0.017560975609756113,0.5437899610516513,0.5219371272732308
VTBR,2025-06-01,-0.005449300138903723,-0.018164333796345744,0.45471361315207276,0.47731017717066326
